1,google.com
2,facebook.com
3,a-msedge.net
4,youtube.com
5,microsoft.com
6,amazonaws.com
7,twitter.com
8,baidu.com
9,cloudflare.com
10,instagram.com
11,apple.com
12,linkedin.com
13,amazon.com
14,bilibili.com
15,netflix.com
16,wikipedia.org
17,akamaiedge.net
18,qq.com
19,gtld-servers.net
20,live.com
21,domaincontrol.com
22,akamai.net
23,pg.com
24,yahoo.com
25,googletagmanager.com
26,azure.com
27,zhihu.com
28,bing.com
29,googlevideo.com
30,office.com
31,l-msedge.net
32,github.com
33,reddit.com
34,pinterest.com
35,wordpress.org
36,whatsapp.com
37,windowsupdate.com
38,doubleclick.net
39,youtu.be
40,microsoftonline.com
41,mail.ru
42,fastly.net
43,zoom.us
44,nflxso.net
45,akadns.net
46,s-msedge.net
47,adobe.com
48,vimeo.com
49,yandex.ru
50,googleusercontent.com
51,openai.com
52,algolia.net
53,netflix.net
54,trafficmanager.net
55,wordpress.com
56,gandi.net
57,goo.gl
58,taobao.com
59,pricegrabber.com
60,fdv2-t-msedge.net
61,163.com
62,sharepoint.com
63,intuit.com
64,bit.ly
65,vk.com
66,googledomains.com
67,aaplimg.com
68,tiktok.com
69,t.co
70,windows.net
71,msn.com
72,office365.com
73,cloudapp.net
74,xvideos.com
75,apple-dns.net
76,mozilla.org
77,fbcdn.net
78,weibo.com
79,google-analytics.com
80,pornhub.com
81,blogspot.com
82,spotify.com
83,icloud.com
84,edgekey.net
85,tumblr.com
86,paypal.com
87,nih.gov
88,cloudflare.net
89,skype.com
90,jd.com
91,macromedia.com
92,canva.com
93,europa.eu
94,health.mil
95,instacart.tools
96,nytimes.com
97,google.com.hk
98,fandom.com
99,dropbox.com
100,nic.ru
101,ebay.com
102,yandex.net
103,sina.com.cn
104,flickr.com
105,imdb.com
106,csdn.net
107,cloudfront.net
108,myfritz.net
109,t.me
110,outlook.com
111,medium.com
112,b-msedge.net
113,opera.com
114,naver.com
115,digicert.com
116,gravatar.com
117,salesforce.com
118,yahoo.co.jp
119,aliexpress.com
120,msedge.net
121,soundcloud.com
122,apache.org
123,registrar-servers.com
124,force.com
125,aiv-cdn.net
126,xhamster.com
127,cnn.com
128,webex.com
129,omtrdc.net
130,archive.org
131,github.io
132,office.net
133,myshopify.com
134,comcast.net
135,sohu.com
136,forbes.com
137,miit.gov.cn
138,gvt1.com
139,dnsmadeeasy.com
140,forms.gle
141,iqiyi.com
142,lencr.org
143,quora.com
144,stackoverflow.com
145,spo-msedge.net
146,indeed.com
147,zemanta.com
148,theguardian.com
149,spankbang.com
150,w3.org
151,bbc.com
152,shopify.com
153,douban.com
154,atg.se
155,aliyun.com
156,sciencedirect.com
157,etsy.com
158,gstatic.com
159,att.net
160,amazon.co.uk
161,azurewebsites.net
162,twitch.tv
163,amazon.in
164,booking.com
165,tiktokcdn.com
166,roblox.com
167,meraki.com
168,sourceforge.net
169,telegram.org
170,bbc.co.uk
171,dzen.ru
172,imgur.com
173,sberdevices.ru
174,ibm.com
175,twimg.com
176,wa.me
177,googleapis.com
178,zendesk.com
179,creativecommons.org
180,abusix.zone
181,1688.com
182,oracle.com
183,researchgate.net
184,rambler.ru
185,tmall.com
186,hwcdn.net
187,gvt2.com
188,amazon.co.jp
189,teamviewer.com
190,salesforceliveagent.com
191,xnxx.com
192,tradingview.com
193,duckduckgo.com
194,who.int
195,issuu.com
196,cisco.com
197,freepik.com
198,slack.com
199,linktr.ee
200,deepl.com
201,tencent.com
202,wixsite.com
203,weebly.com
204,epicgames.com
205,google.co.in
206,wikimedia.org
207,discord.com
208,hp.com
209,washingtonpost.com
210,adnxs.com
211,dell.com
212,pixiv.net
213,cdc.gov
214,klarna.com
215,azureedge.net
216,googlesyndication.com
217,alibaba.com
218,tiktokv.com
219,ally.com
220,opendns.com
221,wsdvs.com
222,mit.edu
223,harvard.edu
224,reuters.com
225,feishu.cn
226,google.de
227,a2z.com
228,dailymail.co.uk
229,rackspace.net
230,nginx.org
231,ytimg.com
232,samsung.com
233,mangosip.ru
234,wiley.com
235,name-services.com
236,wix.com
237,atlassian.net
238,telenet-ops.be
239,behance.net
240,criteo.com
241,msn.cn
242,tinyurl.com
243,xcal.tv
244,o365filtering.com
245,go.com
246,bloomberg.com
247,wsj.com
248,okta.com
249,reg.ru
250,nginx.com
251,edgesuite.net
252,google.co.uk
253,hichina.com
254,huawei.com
255,digitalocean.com
256,alipay.com
257,akamaihd.net
258,jianshu.com
259,amazonvideo.com
260,iairgroup.com
261,springer.com
262,blogger.com
263,googleadservices.com
264,godaddy.com
265,ruidongcloud.com
266,instructure.com
267,ilovepdf.com
268,demdex.net
269,www.gov.uk
270,youtube-nocookie.com
271,elasticbeanstalk.com
272,stanford.edu
273,jomodns.com
274,nature.com
275,stripe.com
276,ring.com
277,walmart.com
278,businessinsider.com
279,php.net
280,unsplash.com
281,doi.org
282,rackspace.com
283,hubspot.com
284,comcast.com
285,nnip.com
286,userapi.com
287,youku.com
288,wp.com
289,cnbc.com
290,app-measurement.com
291,un.org
292,slideshare.net
293,ok.ru
294,mediafire.com
295,2mdn.net
296,e-msedge.net
297,cdn77.org
298,trello.com
299,weather.com
300,windows.com
301,espn.com
302,avito.ru
303,list-manage.com
304,shifen.com
305,namu.wiki
306,pki.goog
307,edgecdn.ru
308,warnerbros.com
309,swisscom.ch
310,onlyfans.com
311,manitu.net
312,nasa.gov
313,consultant.ru
314,kaspersky.com
315,xiaohongshu.com
316,flipkart.com
317,ohthree.com
318,gnu.org
319,akam.net
320,wildberries.ru
321,figma.com
322,3dmgame.com
323,ampproject.org
324,line.me
325,dailymotion.com
326,deviantart.com
327,databricks.com
328,typeform.com
329,cnki.net
330,whatsapp.net
331,sogou.com
332,grammarly.com
333,fiverr.com
334,cedexis.net
335,eventbrite.com
336,w3schools.com
337,hao123.com
338,fc2.com
339,amazon-adsystem.com
340,trustpilot.com
341,usatoday.com
342,herokudns.com
343,google.co.jp
344,indiatimes.com
345,so.com
346,npr.org
347,ozon.ru
348,tistory.com
349,ca.gov
350,snapchat.com
351,amazon.de
352,hupu.com
353,ft.com
354,cpanel.net
355,xiaomi.com
356,cnet.com
357,unity3d.com
358,foxnews.com
359,youdao.com
360,mcafee.com
361,pixabay.com
362,time.com
363,aliyuncs.com
364,dnsowl.com
365,surveymonkey.com
366,chaturbate.com
367,name.com
368,bluehost.com
369,telegraph.co.uk
370,goodreads.com
371,smzdm.com
372,gosuslugi.ru
373,akamaized.net
374,udemy.com
375,notion.so
376,toutiao.com
377,eastmoney.com
378,cloudns.net
379,rbxcdn.com
380,aol.com
381,scribd.com
382,hostgator.com
383,bytefcdn-oversea.com
384,mega.nz
385,b-cdn.net
386,statista.com
387,yelp.com
388,52pojie.cn
389,swisscom.com
390,cdngslb.com
391,ted.com
392,webmd.com
393,g.page
394,realsrv.com
395,themeforest.net
396,adobe.io
397,wired.com
398,worldnic.com
399,amazon.fr
400,casalemedia.com
401,speechmatics.com
402,eslgaming.com
403,binance.com
404,dns.com
405,shutterstock.com
406,rakuten.co.jp
407,amazon.dev
408,tripadvisor.com
409,sentry.io
410,mailchimp.com
411,azure-dns.com
412,speedtest.net
413,mysql.com
414,pexels.com
415,addtoany.com
416,amzn.to
417,beian.gov.cn
418,roku.com
419,steampowered.com
420,healthline.com
421,nvidia.com
422,mi.com
423,amazon.it
424,adriver.ru
425,amazon.ca
426,marriott.com
427,wetransfer.com
428,tds.net
429,squarespace.com
430,douyin.com
431,berkeley.edu
432,drom.ru
433,alibabadns.com
434,cambridge.org
435,livejournal.com
436,esl.systems
437,scorecardresearch.com
438,independent.co.uk
439,intel.com
440,amazontrust.com
441,digikala.com
442,attcompute.com
443,quizlet.com
444,loc.gov
445,gitee.com
446,rt.ru
447,ea.com
448,pinimg.com
449,techcrunch.com
450,upwork.com
451,no-ip.com
452,oup.com
453,ondemand.com
454,appsflyer.com
455,root-servers.net
456,sorbs.net
457,cdninstagram.com
458,myspace.com
459,360.cn
460,facebook.net
461,zoho.com
462,netangels.ru
463,ipify.org
464,alicdn.com
465,zillow.com
466,1c.ru
467,fb.com
468,autohome.com.cn
469,tandfonline.com
470,britannica.com
471,beeline.ru
472,eset.com
473,latimes.com
474,cornell.edu
475,hilton.com
476,cbsnews.com
477,chase.com
478,investopedia.com
479,debian.org
480,bitly.com
481,goskope.com
482,huffingtonpost.com
483,dzeninfra.ru
484,nflxvideo.net
485,uol.com.br
486,maricopa.gov
487,missav.com
488,google.ru
489,google.ca
490,ups.com
491,theverge.com
492,cnblogs.com
493,rzone.de
494,yandex.com
495,wikihow.com
496,sedo.com
497,free.fr
498,markmonitor.com
499,academia.edu
500,ggpht.com
501,washington.edu
502,ietf.org
503,aboutads.info
504,prnewswire.com
505,calendly.com
506,netease.com
507,box.com
508,taboola.com
509,ownit.se
510,fedex.com
511,att.com
512,patreon.com
513,azurefd.net
514,rackspaceclouddb.com
515,umbrella.com
516,dribbble.com
517,forter.com
518,telegram.me
519,coinmarketcap.com
520,huffpost.com
521,ubuntu.com
522,herokuapp.com
523,amazon.es
524,duckdns.org
525,openx.net
526,gitlab.com
527,megafon.ru
528,kickstarter.com
529,giphy.com
530,miui.com
531,theatlantic.com
532,rayjump.com
533,craigslist.org
534,fda.gov
535,timeweb.ru
536,playstation.com
537,sagepub.com
538,coursera.org
539,discord.gg
540,115.com
541,chinamobile.com
542,incapdns.net
543,avast.com
544,android.com
545,safebrowsing.apple
546,bitrix24.ru
547,apigee.net
548,hotjar.com
549,state.gov
550,hitomi.la
551,bandcamp.com
552,51cto.com
553,eporner.com
554,mega.co.nz
555,noaa.gov
556,atlassian.com
557,msftconnecttest.com
558,workfront.com
559,hugedomains.com
560,business.site
561,nr-data.net
562,nbcnews.com
563,expedia.com
564,googletagservices.com
565,addthis.com
566,mayoclinic.org
567,nationalgeographic.com
568,usda.gov
569,alidns.com
570,buzzfeed.com
571,launchpad.net
572,ngenix.net
573,ixigua.com
574,bankofamerica.com
575,dmm.co.jp
576,gamersky.com
577,timbrasil.com.br
578,hbo.com
579,fmkorea.com
580,ali213.net
581,princeton.edu
582,arxiv.org
583,google.com.tw
584,docker.com
585,edgedns.ru
586,hbr.org
587,irs.gov
588,mailchi.mp
589,mozilla.com
590,gihc.net
591,namebrightdns.com
592,secureserver.net
593,gmail.com
594,investing.com
595,ntp.org
596,nease.net
597,jotform.com
598,savefrom.net
599,oath.cloud
600,roche.com
601,nypost.com
602,foliofn.com
603,dnspod.net
604,spcsdns.net
605,rubiconproject.com
606,capitalonegslbex.com
607,redhat.com
608,autodesk.com
609,umich.edu
610,ivi.ru
611,daum.net
612,usnews.com
613,tbcache.com
614,statcounter.com
615,disqus.com
616,zxx.edu.cn
617,rlcdn.com
618,unesco.org
619,arcgis.com
620,adsrvr.org
621,rbc.ru
622,ieee.org
623,hicloud.com
624,merriam-webster.com
625,rocket-cdn.com
626,quillbot.com
627,networkadvertising.org
628,klarna.net
629,dreamhost.com
630,dns-parking.com
631,intermedia.net
632,lenovo.com
633,e-hentai.org
634,attn.tv
635,mongodb.com
636,allaboutcookies.org
637,pubmatic.com
638,service-now.com
639,douyu.com
640,globo.com
641,usgovcloudapi.net
642,galaxydata.ru
643,mdpi.com
644,envato.com
645,ui-dns.com
646,whitehouse.gov
647,pbs.org
648,columbia.edu
649,faceit.com
650,nstld.com
651,runoob.com
652,epa.gov
653,trendmicro.com
654,google.fr
655,shein.com
656,python.org
657,livedoor.jp
658,newrelic.com
659,ddns.net
660,worldbank.org
661,marketwatch.com
662,asana.com
663,eastday.com
664,playstation.net
665,change.org
666,economist.com
667,businesswire.com
668,yuque.com
669,imgsmail.ru
670,livejasmin.com
671,nintendo.net
672,deloitte.com
673,yahoodns.net
674,bytedance.net
675,ifeng.com
676,stackexchange.com
677,media-amazon.com
678,mzstatic.com
679,gartner.com
680,remove.bg
681,iso.org
682,va.gov
683,httpbl.org
684,psu.edu
685,nhentai.net
686,cdn-apple.com
687,ovscdns.com
688,chess.com
689,wellsfargo.com
690,vkontakte.ru
691,duolingo.com
692,pccc.com
693,paloaltonetworks.com
694,linode.com
695,cdnbasket.net
696,hulu.com
697,nike.com
698,akismet.com
699,google.com.mx
700,dan.com
701,usps.com
702,americanexpress.com
703,adobe.net
704,cloud.com
705,attens.net
706,amazon.com.au
707,qualtrics.com
708,xinhuanet.com
709,3lift.com
710,fb.me
711,aips-services.com
712,psychologytoday.com
713,yts.mx
714,greasyfork.org
715,spaceweb.pro
716,appspot.com
717,moatads.com
718,rackcdn.com
719,nicovideo.jp
720,ucla.edu
721,msftncsi.com
722,wpengine.com
723,homedepot.com
724,mts.ru
725,ikea.com
726,adp.com
727,wiktionary.org
728,c-msedge.net
729,uber.com
730,istockphoto.com
731,vice.com
732,bidswitch.net
733,united.com
734,alibaba-inc.com
735,apple.com.cn
736,verisign.com
737,lenovo.com.cn
738,sxyprn.com
739,worldfcdn.com
740,crunchyroll.com
741,frontiersin.org
742,target.com
743,zhipin.com
744,glance.net
745,y2mate.com
746,cbc.ca
747,abc.net.au
748,cctv.com
749,sophos.com
750,vmware.com
751,myworkday.com
752,upenn.edu
753,qidian.com
754,jimdo.com
755,nest.com
756,yale.edu
757,asus.com
758,ign.com
759,yiyouliao.com
760,igamecj.com
761,t-msedge.net
762,jetbrains.com
763,theconversation.com
764,myqcloud.com
765,nba.com
766,media.net
767,google.cn
768,plos.org
769,eepurl.com
770,dynect.net
771,shopee.tw
772,rfc-editor.org
773,mashable.com
774,mckinsey.com
775,nsone.net
776,exacttarget.com
777,ertelecom.ru
778,icloud-content.com
779,fortune.com
780,oraclecloud.com
781,mercadolibre.com.ar
782,zdnet.com
783,airbnb.com
784,about.com
785,weforum.org
786,datadoghq.com
787,ya.ru
788,ford.com
789,steamcommunity.com
790,coupang.com
791,sciencedaily.com
792,amazon.com.mx
793,gofundme.com
794,rncdn7.com
795,typepad.com
796,sony.com
797,aparat.com
798,kakao.com
799,accuweather.com
800,chegg.com
801,umn.edu
802,zol.com.cn
803,tianyancha.com
804,noodlemagazine.com
805,dnsimple.com
806,xfinity.com
807,uci.edu
808,hinet.net
809,ox.ac.uk
810,capitalone.com
811,biomedcentral.com
812,mirtesen.ru
813,skyhigh.cloud
814,ovh.net
815,canada.ca
816,google.co.kr
817,online-metrix.net
818,ultradns.com
819,9gag.com
820,google.co.th
821,dw.com
822,rt.com
823,bestbuy.com
824,zerodha.com
825,shaparak.ir
826,myanimelist.net
827,bitbucket.org
828,substack.com
829,360yield.com
830,discordapp.com
831,sfx.ms
832,similarweb.com
833,mwbsys.com
834,myworkdayjobs.com
835,onetrust.com
836,visualstudio.com
837,licdn.com
838,elsevier.com
839,zoro.to
840,china.com
841,yimg.com
842,pconline.com.cn
843,npmjs.com
844,apnews.com
845,byteoversea.net
846,genius.com
847,ipaidthat.io
848,getpocket.com
849,evernote.com
850,sitemaps.org
851,wisc.edu
852,newyorker.com
853,smartadserver.com
854,pusher.com
855,animeflv.net
856,digg.com
857,constantcontact.com
858,ripn.net
859,beelinegprs.ru
860,oreilly.com
861,bmj.com
862,nist.gov
863,sciencemag.org
864,sharethrough.com
865,adsco.re
866,immedia-semi.com
867,jb51.net
868,ksyuncdn.com
869,newsweek.com
870,360.com
871,v2ex.com
872,artstation.com
873,reverso.net
874,trbcdn.net
875,nexon.com
876,geeksforgeeks.org
877,blog.jp
878,apa.org
879,jable.tv
880,doubleverify.com
881,chinaz.com
882,huaban.com
883,samsungcloud.com
884,hdfcbank.com
885,telenet.be
886,grabpay.com
887,fontawesome.com
888,curtin.edu
889,fastcompany.com
890,ringcentral.com
891,launchdarkly.com
892,outbrain.com
893,rosintel.com
894,cox.net
895,nic.uk
896,hotstar.com
897,klaviyo.com
898,schwab.com
899,google.com.tr
900,t-s1-msedge.net
901,xing.com
902,xxxxx520.com
903,pewresearch.org
904,google.es
905,fortinet.net
906,stripchat.com
907,canonical.com
908,1337x.to
909,example.com
910,science.org
911,relvesta.com
912,mgts.ru
913,vox.com
914,33across.com
915,braze.com
916,meetup.com
917,buydomains.com
918,youronlinechoices.com
919,vungle.com
920,manatoki215.net
921,fidelity.com
922,dingtalk.com
923,qwest.net
924,gumroad.com
925,spiegel.de
926,gizmodo.com
927,ui.com
928,jquery.com
929,8x8.com
930,xbox.com
931,xueqiu.com
932,medicalnewstoday.com
933,swrve.com
934,engadget.com
935,cam.ac.uk
936,mirror.co.uk
937,elpais.com
938,sun.com
939,getbootstrap.com
940,mob.com
941,cloudinary.com
942,nga.cn
943,primevideo.com
944,oecd.org
945,divar.ir
946,quark.cn
947,pearson.com
948,feedburner.com
949,tinkoff.ru
950,immunet.com
951,hostinger.com
952,dyndns.org
953,apple.news
954,plesk.com
955,verizon.com
956,sensic.net
957,cupfox.app
958,softonic.com
959,inc.com
960,norton.com
961,webpkgcache.com
962,branch.io
963,google.com.au
964,kaspersky-labs.com
965,mathtag.com
966,saasprotection.com
967,gamespot.com
968,openstreetmap.org
969,db.com
970,twtrdns.net
971,squarespacedns.com
972,thesun.co.uk
973,utexas.edu
974,varzesh3.com
975,vtb.ru
976,marca.com
977,xhamsterlive.com
978,sina.cn
979,cmu.edu
980,samsungnyc.com
981,crashlytics.com
982,google.it
983,nr-ops.net
984,rspamd.com
985,bluekai.com
986,redd.it
987,quantserve.com
988,bet365.com
989,powerbi.com
990,bdydns.com
991,flaticon.com
992,google.com.br
993,made-in-china.com
994,ig.com
995,checkpoint.com
996,perfectdomain.com
997,tripod.com
998,jsdelivr.net
999,dhl.com
1000,geocities.com










































































































































































































































































































































































































































































































































































































































































































































































































































































































































































































































































































































































































































































































































































































































































































































































































































































































































































































































































































































































































































































































































































































































































































































































































































































































































